Unnamed: 0,Target,Stance,ID,User_ID
0,Bernie Sanders,NONE,1132349885200646144,754779048706879488
1,Bernie Sanders,FAVOR,1116694522682068992,936257681446359040
2,Bernie Sanders,NONE,1173926462153461760,903997129424859136
3,Bernie Sanders,FAVOR,1178784298180083712,717057142583222272
4,Bernie Sanders,NONE,1237617743978995712,1156377874112425984
5,Bernie Sanders,FAVOR,992032305223950336,25940955
6,Bernie Sanders,FAVOR,1166674420359811072,1112020050
7,Bernie Sanders,FAVOR,1156414941894627328,632355011
8,Bernie Sanders,FAVOR,1189283568100560896,1100198104383524864
9,Bernie Sanders,NONE,1100257613747372032,23903580
10,Bernie Sanders,NONE,1144437194330968064,14665363
11,Bernie Sanders,AGAINST,1270852068979466240,480926084
12,Bernie Sanders,AGAINST,1117133723227410432,259121785
13,Bernie Sanders,AGAINST,1052978619071520768,215367811
14,Bernie Sanders,FAVOR,991070543313911808,4004609957
15,Bernie Sanders,FAVOR,1240697588493340672,449193140
16,Bernie Sanders,AGAINST,1136973523082235904,607614048
17,Bernie Sanders,NONE,1133077639177154560,513363951
18,Bernie Sanders,FAVOR,1224503719657713664,977190271707418624
19,Bernie Sanders,NONE,999710742826835968,997897146954170368
20,Bernie Sanders,FAVOR,1237468841619456000,867588895176884224
21,Bernie Sanders,FAVOR,1133855970453417984,43414431
22,Bernie Sanders,NONE,1111074087047176192,132683168
23,Bernie Sanders,NONE,1100243729485426688,414554195
24,Bernie Sanders,AGAINST,1262526153664851968,32965328
25,Bernie Sanders,AGAINST,1231128912090058752,2515718341
26,Bernie Sanders,FAVOR,1232482138491981824,42999290
27,Bernie Sanders,FAVOR,1144068956812206080,3191215190
28,Bernie Sanders,FAVOR,1225955291658964992,1431651026
29,Bernie Sanders,AGAINST,1100201783551578112,60150341
30,Bernie Sanders,NONE,1187590345040658432,711287276479754241
31,Bernie Sanders,NONE,1144422472701399040,34802881
32,Bernie Sanders,FAVOR,1126916715449933824,1474241328
33,Bernie Sanders,FAVOR,1196288757021970432,1191915400604377088
34,Bernie Sanders,FAVOR,1144991665502838784,623275062
35,Bernie Sanders,FAVOR,1053917563892035584,1465790238
36,Bernie Sanders,AGAINST,1099804153482686464,152795399
37,Bernie Sanders,FAVOR,1165696671340064768,259121785
38,Bernie Sanders,NONE,1110249068213592064,4608753014
39,Bernie Sanders,FAVOR,1100206565649534976,1445278016
40,Bernie Sanders,AGAINST,1200776459423539200,19509858
41,Bernie Sanders,FAVOR,1144124626018209792,904735681
42,Bernie Sanders,FAVOR,1176007865967902720,1056234954458193920
43,Bernie Sanders,FAVOR,997302189948207104,759544161099972608
44,Bernie Sanders,NONE,1118172141692678144,627122673
45,Bernie Sanders,NONE,1208846478250168320,623275062
46,Bernie Sanders,NONE,1166970389005852672,18534622
47,Bernie Sanders,FAVOR,1117878313236570112,425030301
48,Bernie Sanders,FAVOR,1111806898469289984,2608043178
49,Bernie Sanders,AGAINST,1145016925467996160,1130173767903109121
50,Bernie Sanders,FAVOR,1123341803166371840,741820891814715392
51,Bernie Sanders,FAVOR,1151108958633021440,967507597493440513
52,Bernie Sanders,FAVOR,1156373111530500096,171032162
53,Bernie Sanders,FAVOR,1186887309737611264,1056234954458193920
54,Bernie Sanders,FAVOR,1156627432553607168,18958170
55,Bernie Sanders,FAVOR,1240039792802398208,1024413012319461376
56,Bernie Sanders,AGAINST,1105075927913037824,2399398411
57,Bernie Sanders,FAVOR,1101208812604649472,45459891
58,Bernie Sanders,FAVOR,1089266346364362752,748908849860472832
59,Bernie Sanders,FAVOR,1237434651255304192,1016218076
60,Bernie Sanders,FAVOR,1013529779155492864,836975329
61,Bernie Sanders,FAVOR,1103368299906134016,3278166888
62,Bernie Sanders,FAVOR,1189254928587509760,522876330
63,Bernie Sanders,FAVOR,1033506383453450240,1465790238
64,Bernie Sanders,FAVOR,1144233444307660800,870038347212828672
65,Bernie Sanders,AGAINST,1188829803744583680,883057285794332673
66,Bernie Sanders,FAVOR,1203544673140146176,4125120501
67,Bernie Sanders,FAVOR,1240708758797340672,182203427
68,Bernie Sanders,AGAINST,1121210960889307136,598200718
69,Bernie Sanders,FAVOR,1144553001065037824,452173616
70,Bernie Sanders,FAVOR,1147082337324359680,15070209
71,Bernie Sanders,FAVOR,1145192702511857664,947964830358622209
72,Bernie Sanders,AGAINST,1118064427260157952,242600338
73,Bernie Sanders,FAVOR,1192180999188180992,102277392
74,Bernie Sanders,FAVOR,1156453234124263424,1967494225
75,Bernie Sanders,FAVOR,1108803784283701248,3313985975
76,Bernie Sanders,AGAINST,1139501809901481984,483055574
77,Bernie Sanders,FAVOR,1156654840757407744,1146438900333735937
78,Bernie Sanders,FAVOR,1228802349142966272,2572890921
79,Bernie Sanders,FAVOR,1239512932213501952,1034838333074145280
80,Bernie Sanders,FAVOR,1090109384846323712,1088848044622135296
81,Bernie Sanders,AGAINST,1156505119674044416,1145668573228089344
82,Bernie Sanders,FAVOR,1122602585574137856,19053099
83,Bernie Sanders,NONE,1190026789202079744,23903580
84,Bernie Sanders,FAVOR,1089720035952680960,873764950220484608
85,Bernie Sanders,FAVOR,1188905994140602368,1169441363722506241
86,Bernie Sanders,NONE,1208493574452473856,1022465096193171456
87,Bernie Sanders,FAVOR,1133060311580389376,4862195348
88,Bernie Sanders,FAVOR,1163870310036205568,1056234954458193920
89,Bernie Sanders,FAVOR,1156648865820336128,4856538649
90,Bernie Sanders,FAVOR,1132362020194533376,802584787
91,Bernie Sanders,FAVOR,1133761354807042048,4862280817
92,Bernie Sanders,FAVOR,1178798466530566144,75869929
93,Bernie Sanders,NONE,1177743861982085120,3031499511
94,Bernie Sanders,FAVOR,1100881548889382912,1056234954458193920
95,Bernie Sanders,FAVOR,1156323610773995520,214886970
96,Bernie Sanders,FAVOR,1237554856023343104,3120982424
97,Bernie Sanders,FAVOR,1122299370223726592,34831407
98,Bernie Sanders,FAVOR,1109993396104556544,4862195348
99,Bernie Sanders,FAVOR,1222966479110279168,1213371832381792259
100,Bernie Sanders,FAVOR,1222565372034895872,28114337
101,Bernie Sanders,FAVOR,1166425365599936512,80592557
102,Bernie Sanders,FAVOR,955117955041366016,136328466
103,Bernie Sanders,FAVOR,1188884300273541120,1107840084345323522
104,Bernie Sanders,FAVOR,1132365382340055040,1112020050
105,Bernie Sanders,AGAINST,962695751741648896,1119760256
106,Bernie Sanders,FAVOR,1167602492818935808,1152162107367911424
107,Bernie Sanders,FAVOR,958815474409615360,1656765816
108,Bernie Sanders,FAVOR,1111037703238356992,11332012
109,Bernie Sanders,FAVOR,1144274557332852736,780581519555375104
110,Bernie Sanders,FAVOR,1259698325726494720,24180951
111,Bernie Sanders,NONE,1079219628730187776,3409453175
112,Bernie Sanders,FAVOR,1017853727099613184,2750135222
113,Bernie Sanders,FAVOR,1166436697258643456,1056234954458193920
114,Bernie Sanders,FAVOR,1114457412411346944,152795399
115,Bernie Sanders,FAVOR,1209286929004531712,246787337
116,Bernie Sanders,FAVOR,1099423293860270080,315412648
117,Bernie Sanders,AGAINST,957964511415222272,475530393
118,Bernie Sanders,FAVOR,1227032860734951424,1140774807971254272
119,Bernie Sanders,FAVOR,1179426185467584512,1151573493898723337
120,Bernie Sanders,NONE,1232386003194798080,2892678738
121,Bernie Sanders,FAVOR,1089632981499535360,372008925
122,Bernie Sanders,FAVOR,1090014012144828416,30335771
123,Bernie Sanders,AGAINST,1229621698296795136,24763209
124,Bernie Sanders,FAVOR,1132050245158875136,35877890
125,Bernie Sanders,FAVOR,1221805524225855488,1158930139704635394
126,Bernie Sanders,FAVOR,1156461007012859904,116997133
127,Bernie Sanders,FAVOR,1239547761428701184,720196633
128,Bernie Sanders,FAVOR,956942565449740288,50774749
129,Bernie Sanders,FAVOR,1239752754135830528,704085173617324032
130,Bernie Sanders,AGAINST,1100203120515338240,914094918
131,Bernie Sanders,NONE,1164175940588625920,513363951
132,Bernie Sanders,FAVOR,1231737417524293632,1225444138319040513
133,Bernie Sanders,FAVOR,1197171975652827136,1158930139704635394
134,Bernie Sanders,FAVOR,1068332529441095680,3445238720
135,Bernie Sanders,FAVOR,1109645041461395456,320882762
136,Bernie Sanders,FAVOR,1144420641820618752,263751035
137,Bernie Sanders,FAVOR,950859746944237568,861290331890827264
138,Bernie Sanders,NONE,1232196734983397376,33803185
139,Bernie Sanders,FAVOR,1134350099914604544,3337804853
140,Bernie Sanders,AGAINST,1017069152216014848,480926084
141,Bernie Sanders,FAVOR,1089283970049720320,4862280817
142,Bernie Sanders,FAVOR,1198676382454140928,1060637890424692736
143,Bernie Sanders,FAVOR,1186796588183605248,579221693
144,Bernie Sanders,NONE,1154375984730132480,621335481
145,Bernie Sanders,NONE,1229353835937828864,17827932
146,Bernie Sanders,FAVOR,1121211380084789248,754779048706879488
147,Bernie Sanders,FAVOR,1130881487820271616,3313985975
148,Bernie Sanders,FAVOR,1178465753156079616,742107685739335681
149,Bernie Sanders,NONE,1144346921160646656,473984629
150,Bernie Sanders,FAVOR,1262232910897135616,813974807284948996
151,Bernie Sanders,FAVOR,1019257704269807616,2750135222
152,Bernie Sanders,FAVOR,1189528435250618368,1628166625
153,Bernie Sanders,FAVOR,1098631368379154432,17658725
154,Bernie Sanders,FAVOR,1089307583054196736,316130208
155,Bernie Sanders,FAVOR,1253127331343765504,43414431
156,Bernie Sanders,FAVOR,1156304971400241152,1022465096193171456
157,Bernie Sanders,NONE,1121797810448244736,907761553914593280
158,Bernie Sanders,FAVOR,1187369319732142080,749092364526903298
159,Bernie Sanders,FAVOR,1223014147367022592,480926084
160,Bernie Sanders,NONE,1232496976777879552,48631387
161,Bernie Sanders,NONE,1226547497503526912,16209155
162,Bernie Sanders,AGAINST,1144992199756541952,944378643232448512
163,Bernie Sanders,FAVOR,1223293125633941504,152002232
164,Bernie Sanders,FAVOR,1144284574417076224,1144187609570258946
165,Bernie Sanders,FAVOR,1131303979080720384,848043402176471040
166,Bernie Sanders,FAVOR,1121624054786482176,2750135222
167,Bernie Sanders,FAVOR,1226385429819052032,1107161618280902656
168,Bernie Sanders,FAVOR,1144291981029363712,25940955
169,Bernie Sanders,FAVOR,1175376616668766208,869051335
170,Bernie Sanders,FAVOR,1104189582315122688,113284402
171,Bernie Sanders,FAVOR,1222602183243452416,1146872146171518976
172,Bernie Sanders,FAVOR,1138048837141114880,969014287
173,Bernie Sanders,FAVOR,1231667639790919680,1149986293
174,Bernie Sanders,FAVOR,1089714487362576384,4862195348
175,Bernie Sanders,FAVOR,1089595303584423936,4873776808
176,Bernie Sanders,FAVOR,1186609983674302464,1173431804549902338
177,Bernie Sanders,FAVOR,1123309899364962304,1112020050
178,Bernie Sanders,FAVOR,1156391036551389184,1156386059653132288
179,Bernie Sanders,FAVOR,1145472896841601024,166534146
180,Bernie Sanders,FAVOR,1144748924919357440,1056234954458193920
181,Bernie Sanders,FAVOR,1164639796377128960,262527141
182,Bernie Sanders,FAVOR,1197629921738117120,705454296154796032
183,Bernie Sanders,NONE,1174843493849718784,1083231644750884869
184,Bernie Sanders,FAVOR,1156400060088893440,3253003293
185,Bernie Sanders,FAVOR,1144246871973666816,3525671536
186,Bernie Sanders,AGAINST,1100095270254186496,4455470236
187,Bernie Sanders,FAVOR,1089376028382814208,112952304
188,Bernie Sanders,FAVOR,1110786705802645504,875709445304721410
189,Bernie Sanders,AGAINST,1122878529572675584,1201830872
190,Bernie Sanders,FAVOR,1161145815869657088,340713426
191,Bernie Sanders,AGAINST,1240772911855800320,2192887524
192,Bernie Sanders,FAVOR,1222887864146546688,19668483
193,Bernie Sanders,FAVOR,1222024038538784768,953083940016934913
194,Bernie Sanders,NONE,1155979221858017280,14198168
195,Bernie Sanders,FAVOR,1156684939238227968,1570719330
196,Bernie Sanders,FAVOR,1237897947712352256,231946615
197,Bernie Sanders,FAVOR,1222551661836529664,1112020050
198,Bernie Sanders,FAVOR,1089391258798379008,969464596787531776
199,Bernie Sanders,FAVOR,1237751334255894528,462888604
200,Bernie Sanders,NONE,1260085943567921152,2983220599
201,Bernie Sanders,FAVOR,1161149273859170304,18885278
202,Bernie Sanders,FAVOR,1178425691294982144,1056234954458193920
203,Bernie Sanders,FAVOR,1022487324318420992,205380768
204,Bernie Sanders,FAVOR,1134510806521925632,425469891
205,Bernie Sanders,AGAINST,953967766842654720,19865528
206,Bernie Sanders,FAVOR,1181747653023080448,705490991143325696
207,Bernie Sanders,FAVOR,1240436993999462400,61090181
208,Bernie Sanders,FAVOR,1097921868600827904,1855760312
209,Bernie Sanders,FAVOR,1226901033810423808,1111636529850376192
210,Bernie Sanders,FAVOR,1110503921833771008,785371303
211,Bernie Sanders,FAVOR,1156406069440253952,376016905
212,Bernie Sanders,AGAINST,1089795142523863040,623732328
213,Bernie Sanders,FAVOR,1163922801939636224,711659629382488064
214,Bernie Sanders,NONE,1222563692543389696,1856341520
215,Bernie Sanders,FAVOR,1145026287108526080,2470523407
216,Bernie Sanders,FAVOR,1223284409798811648,102086464
217,Bernie Sanders,FAVOR,1089344108215365632,30858986
218,Bernie Sanders,FAVOR,1174548692335906816,1161415240040570882
219,Bernie Sanders,AGAINST,1257416337623789568,1140895018737184768
220,Bernie Sanders,FAVOR,1082747953041862656,2352337075
221,Bernie Sanders,FAVOR,1241074093891260416,3096682980
222,Bernie Sanders,FAVOR,1108714900191412224,1499357226
223,Bernie Sanders,AGAINST,1164268063639965696,1103288522847518720
224,Bernie Sanders,FAVOR,1106009471950577664,1016434680327880705
225,Bernie Sanders,AGAINST,1069036746883645440,3966203358
226,Bernie Sanders,NONE,1273071818249732096,929415886779293696
227,Bernie Sanders,FAVOR,1211005363283202048,59507384
228,Bernie Sanders,FAVOR,1176656641233567744,1152162107367911424
229,Bernie Sanders,FAVOR,1154564378009600000,1112020050
230,Bernie Sanders,FAVOR,1231277418532483072,1081938643890159616
231,Bernie Sanders,FAVOR,1233113377297309696,2291802044
232,Bernie Sanders,NONE,1222072638031290368,1117642979508776960
233,Bernie Sanders,FAVOR,1199487094986424320,2535367145
234,Bernie Sanders,FAVOR,1222929971049615360,1208662664995627009
235,Bernie Sanders,AGAINST,1076507034957139968,148604896
236,Bernie Sanders,FAVOR,1155212587015057408,242600338
237,Bernie Sanders,FAVOR,1172136504635928576,2352337075
238,Bernie Sanders,AGAINST,1240042004060520448,1164520694857818112
239,Bernie Sanders,FAVOR,1223048074366541824,708893776794755072
240,Bernie Sanders,FAVOR,1240671835693428736,1182938150831874048
241,Bernie Sanders,FAVOR,1222386411808141312,149913360
242,Bernie Sanders,FAVOR,1272655808577155072,623275062
243,Bernie Sanders,FAVOR,1222637932701347840,587620232
244,Bernie Sanders,FAVOR,1098527603156307968,3885245652
245,Bernie Sanders,FAVOR,1231725057606447104,31913591
246,Bernie Sanders,FAVOR,1232690034639298560,1063130775183331329
247,Bernie Sanders,FAVOR,1142816546802130944,2535367145
248,Bernie Sanders,FAVOR,1113656895720419328,15964210
249,Bernie Sanders,FAVOR,1180175189817978880,783778484510334976
250,Bernie Sanders,FAVOR,1165102187535654912,711659629382488064
251,Bernie Sanders,FAVOR,987968610248417280,730739539568889856
252,Bernie Sanders,FAVOR,1155527965964427264,170641465
253,Bernie Sanders,FAVOR,1235053365291175936,756224133252341762
254,Bernie Sanders,NONE,1148332400784490496,2316431588
255,Bernie Sanders,FAVOR,1146212904766726144,799711383579455488
256,Bernie Sanders,AGAINST,1222871128894509056,2932317550
257,Bernie Sanders,FAVOR,1144460729438752768,259073985
258,Bernie Sanders,FAVOR,1237948229620084736,1230330156843184128
259,Bernie Sanders,FAVOR,1121570470812213248,277170859
260,Bernie Sanders,FAVOR,1250255548487999488,407161014
261,Bernie Sanders,FAVOR,1185960593754378240,15742338
262,Bernie Sanders,FAVOR,1197366418364411904,203629692
263,Bernie Sanders,FAVOR,1212053548793581568,1203801967149174784
264,Bernie Sanders,FAVOR,1113467547037229056,155792815
265,Bernie Sanders,FAVOR,1209648274933714944,153621977
266,Bernie Sanders,FAVOR,1148894463969959936,21818674
267,Bernie Sanders,FAVOR,1198708632692690944,893496338175995904
268,Bernie Sanders,FAVOR,1116713450967838720,2918212191
269,Bernie Sanders,FAVOR,1240232555724419072,207519514
270,Bernie Sanders,FAVOR,1122149296919457792,797959835371401216
271,Bernie Sanders,FAVOR,1250139285744828416,1050216564136370176
272,Bernie Sanders,FAVOR,1145132798149312512,951100830488387586
273,Bernie Sanders,FAVOR,1120468037415653376,3284974008
274,Bernie Sanders,FAVOR,1240339129537138688,958746832368107520
275,Bernie Sanders,FAVOR,1199368140674752512,4175240907
276,Bernie Sanders,FAVOR,1231232783797886976,2932317550
277,Bernie Sanders,FAVOR,1115429296292499456,344289537
278,Bernie Sanders,FAVOR,1172950788827754496,3229805928
279,Bernie Sanders,FAVOR,1210700200383172608,3141672447
280,Bernie Sanders,NONE,1119629848459264000,833839440
281,Bernie Sanders,FAVOR,1164928903628017664,25940955
282,Bernie Sanders,FAVOR,1197585071420723200,1189747641745334273
283,Bernie Sanders,FAVOR,1223049591727083520,17214719
284,Bernie Sanders,FAVOR,1188479837800976384,871942049540562944
285,Bernie Sanders,FAVOR,1195387522701873152,152795399
286,Bernie Sanders,FAVOR,1172313345271054336,802584787
287,Bernie Sanders,FAVOR,1189402867133599744,711287276479754241
288,Bernie Sanders,FAVOR,1175421322354208768,1152058621175500800
289,Bernie Sanders,FAVOR,1174845131611983872,966462275547627520
290,Bernie Sanders,FAVOR,1118969550039584768,4865162375
291,Bernie Sanders,FAVOR,1148957968546897920,456234046
292,Bernie Sanders,FAVOR,1176267685581197312,605337752
293,Bernie Sanders,FAVOR,1235246032767897600,2729341630
294,Bernie Sanders,FAVOR,1112421714711990272,14372270
295,Bernie Sanders,AGAINST,1260831393552060416,1235816211599863811
296,Bernie Sanders,FAVOR,1142305395509276672,802584787
297,Bernie Sanders,FAVOR,1166050963041456128,377778958
298,Bernie Sanders,FAVOR,1221659406766628864,561749409
299,Bernie Sanders,FAVOR,1115731773709852672,339177789
300,Bernie Sanders,AGAINST,1239377084482453504,1215479249022455809
301,Bernie Sanders,FAVOR,1267669172894478336,1092600128
302,Bernie Sanders,FAVOR,1240709856320868352,1187495878858293250
303,Bernie Sanders,FAVOR,1232376287504654336,955874138995900417
304,Bernie Sanders,FAVOR,1098042880810237952,1344784830
305,Bernie Sanders,FAVOR,1197405916506787840,1474241328
306,Bernie Sanders,AGAINST,1122484066312499200,948630611228528640
307,Bernie Sanders,FAVOR,1164191364193693696,726386453014450176
308,Bernie Sanders,NONE,1195407623849463808,2940321820
309,Bernie Sanders,AGAINST,1179748066494177280,1154742524000514048
310,Bernie Sanders,AGAINST,1177679038313316352,3139468304
311,Bernie Sanders,FAVOR,1200292459948888064,851320280265801728
312,Bernie Sanders,FAVOR,1199432066900905984,866254092
313,Bernie Sanders,FAVOR,1198012485556674560,1191878665027674114
314,Bernie Sanders,FAVOR,1140501673116196864,43414431
315,Bernie Sanders,AGAINST,1235651392200732672,64524310
316,Bernie Sanders,AGAINST,1234325982263332864,3143104256
317,Bernie Sanders,FAVOR,1172850342146584576,391069200
318,Bernie Sanders,FAVOR,1163474816176926720,1585960580
319,Bernie Sanders,FAVOR,1098018094889517056,826590895298469889
320,Bernie Sanders,NONE,1098859402973585408,1003896061826658304
321,Bernie Sanders,FAVOR,1098161693224448000,4727181343
322,Bernie Sanders,FAVOR,1193035859731214336,588097287
323,Bernie Sanders,FAVOR,1181074556158693376,400479563
324,Bernie Sanders,FAVOR,1098404825350299648,460584206
325,Bernie Sanders,FAVOR,1097911684860182528,3226341659
326,Bernie Sanders,AGAINST,1179563957130072064,1917711445
327,Bernie Sanders,FAVOR,1129534849226817536,52230962
328,Bernie Sanders,FAVOR,1196145132397051904,182403389
329,Bernie Sanders,FAVOR,1198457561919320064,1969785344
330,Bernie Sanders,FAVOR,1241602646227791872,163656099
331,Bernie Sanders,FAVOR,1097902618590859264,3044955388
332,Bernie Sanders,FAVOR,1051913549977608192,201550693
333,Bernie Sanders,FAVOR,1190676454935121920,63265555
334,Bernie Sanders,FAVOR,1174271848479170560,1969785344
335,Bernie Sanders,FAVOR,1233589585583788032,35860880
336,Bernie Sanders,FAVOR,1196438922395607040,866254092
337,Bernie Sanders,NONE,1100262839040696320,1036758859019218945
338,Bernie Sanders,FAVOR,1241873598975000576,244735102
339,Bernie Sanders,AGAINST,1109855767295746048,61697429
340,Bernie Sanders,NONE,1169340056760270848,94721992
341,Bernie Sanders,FAVOR,1254286712693329920,1241938664
342,Bernie Sanders,FAVOR,1060556274448941056,2918212191
343,Bernie Sanders,FAVOR,1042801991880192000,113364160
344,Bernie Sanders,FAVOR,1238922460764024832,148763010
345,Bernie Sanders,FAVOR,1243687159904612352,22869375
346,Bernie Sanders,FAVOR,1243939921062031360,1107101863751499776
347,Bernie Sanders,NONE,1237933059296489472,2613251070
348,Bernie Sanders,FAVOR,1150784943972372480,65464577
349,Bernie Sanders,FAVOR,1222549790527053824,16664309
350,Bernie Sanders,FAVOR,1226366622019018752,239987556
351,Bernie Sanders,FAVOR,1229150734660165632,623275062
352,Bernie Sanders,FAVOR,1236028886644920320,505197799
353,Bernie Sanders,FAVOR,1243999918928216064,15975316
354,Bernie Sanders,NONE,1236985758533201920,818185389064261634
355,Bernie Sanders,FAVOR,1243036453736775680,2862682151
356,Bernie Sanders,AGAINST,947937274955624448,65484730
357,Bernie Sanders,AGAINST,1092501799108407296,808369805094858752
358,Bernie Sanders,NONE,1153719213237899264,1136660701756440582
359,Bernie Sanders,AGAINST,1102254720809201664,2531598835
360,Bernie Sanders,AGAINST,1139592549918580736,2198298228
361,Bernie Sanders,FAVOR,1260369318782664704,1925415559
362,Bernie Sanders,AGAINST,1232743596211617792,20009204
363,Bernie Sanders,FAVOR,1227522539796205568,910552241098063872
364,Bernie Sanders,FAVOR,1010464527014506496,971980657504088064
365,Bernie Sanders,FAVOR,1234987540433625088,1198109661322514432
366,Bernie Sanders,AGAINST,1239213220365316096,14215787
367,Bernie Sanders,AGAINST,1234340641993191424,183157883
368,Bernie Sanders,NONE,1199860437342392320,1157510329808629760
369,Bernie Sanders,AGAINST,1211703236014592000,1165787804716228608
370,Bernie Sanders,FAVOR,1172302879677267968,2968136481
371,Bernie Sanders,FAVOR,967529981139148800,3133017649
372,Bernie Sanders,AGAINST,1250039997778014208,108081185
373,Bernie Sanders,FAVOR,1242546831621586944,2365838703
374,Bernie Sanders,NONE,1237731937915031552,191886605
375,Bernie Sanders,AGAINST,1167146665972850688,4697467105
376,Bernie Sanders,AGAINST,1238771619348115456,72850869
377,Bernie Sanders,AGAINST,1217798947613368320,291546336
378,Bernie Sanders,FAVOR,1112518999525343232,17447159
379,Bernie Sanders,AGAINST,1089293561684783104,1106777071
380,Bernie Sanders,AGAINST,1221515460820103168,455499794
381,Bernie Sanders,FAVOR,1269418127470800896,1164875880092622848
382,Bernie Sanders,AGAINST,1145023268128264192,757311513585709056
383,Bernie Sanders,AGAINST,1238215232138313728,438089226
384,Bernie Sanders,AGAINST,1069998456486285312,15548635
385,Bernie Sanders,NONE,1164311240195239936,1162076244835356672
386,Bernie Sanders,AGAINST,998700028725288960,2269569373
387,Bernie Sanders,FAVOR,1162451397079527424,44371358
388,Bernie Sanders,AGAINST,950262859203776512,164404409
389,Bernie Sanders,AGAINST,1237813282897121280,4482765221
390,Bernie Sanders,AGAINST,1274107879000125440,3240753078
391,Bernie Sanders,AGAINST,1220355532218753024,892452961338638337
392,Bernie Sanders,AGAINST,1258214605005807616,257082907
393,Bernie Sanders,AGAINST,1098434837965357056,2660025332
394,Bernie Sanders,AGAINST,1167278570999287808,894766037215789057
395,Bernie Sanders,FAVOR,1249778580956954624,826129656856207360
396,Bernie Sanders,AGAINST,1005942608902873088,829484238642688001
397,Bernie Sanders,NONE,1099262065041039360,1600678208
398,Bernie Sanders,AGAINST,1103774979575959552,14267557
399,Bernie Sanders,AGAINST,1249150570058915840,3317268426
400,Bernie Sanders,AGAINST,1232465210788593664,1089250843218595842
401,Bernie Sanders,AGAINST,1218337386033229824,1003130904
402,Bernie Sanders,AGAINST,1239078364557737984,1537872073
403,Bernie Sanders,AGAINST,1097892815965732864,79740758
404,Bernie Sanders,AGAINST,1055155028061810688,825100018306670592
405,Bernie Sanders,FAVOR,1236693227731853312,110619626
406,Bernie Sanders,AGAINST,1103817548099960832,14267557
407,Bernie Sanders,AGAINST,1254682028034846720,3240753078
408,Bernie Sanders,FAVOR,1218359776519716864,1180232842602790915
409,Bernie Sanders,AGAINST,1255020907350724608,1178756714172076032
410,Bernie Sanders,AGAINST,1209524751267508224,21371359
411,Bernie Sanders,AGAINST,1223033559864225792,308510326
412,Bernie Sanders,AGAINST,1184579864415887360,19671470
413,Bernie Sanders,NONE,1257244501669580800,18381837
414,Bernie Sanders,FAVOR,1230549796844429312,1229924413153431553
415,Bernie Sanders,AGAINST,1234437194754019328,310888741
416,Bernie Sanders,AGAINST,1250130477060685824,29014651
417,Bernie Sanders,FAVOR,1188965478141698048,712621089747283975
418,Bernie Sanders,AGAINST,1207470014825160704,14594463
419,Bernie Sanders,AGAINST,1197344324033400832,148108579
420,Bernie Sanders,AGAINST,1237555148445995008,28224662
421,Bernie Sanders,AGAINST,1239477226879561728,2302265544
422,Bernie Sanders,FAVOR,1236441777558585344,3060594673
423,Bernie Sanders,AGAINST,1239362176529231872,28224662
424,Bernie Sanders,AGAINST,1241689980394758144,842391335151783936
425,Bernie Sanders,AGAINST,1117962062314000384,21584887
426,Bernie Sanders,AGAINST,1243956807795503104,1436551
427,Bernie Sanders,AGAINST,1243808339340873728,567386353
428,Bernie Sanders,AGAINST,1242957394637803520,970117914731757568
429,Bernie Sanders,AGAINST,1117469065507823616,155007941
430,Bernie Sanders,AGAINST,1237193475508129792,960347529912176641
431,Bernie Sanders,FAVOR,1238346824521601024,992480953296740352
432,Bernie Sanders,AGAINST,1244291852930596864,43544091
433,Bernie Sanders,AGAINST,1240131002560888832,1237573427789258752
434,Bernie Sanders,AGAINST,1230192311923027968,557288398
435,Bernie Sanders,AGAINST,1272379989929885696,1262494703330775042
436,Bernie Sanders,AGAINST,1238833705159929856,19653756
437,Bernie Sanders,AGAINST,1249043415615987712,762903512
438,Bernie Sanders,AGAINST,1236693123834589184,4014612859
439,Bernie Sanders,AGAINST,1242329182291529728,1057799351894982661
440,Bernie Sanders,AGAINST,1231987270170759168,1072940611
441,Bernie Sanders,AGAINST,1231649178389970944,4498209202
442,Bernie Sanders,AGAINST,1240350222242516992,2314210501
443,Bernie Sanders,AGAINST,1270462931939938304,18778999
444,Bernie Sanders,AGAINST,1221296051191238656,42063149
445,Bernie Sanders,AGAINST,1038499199094906880,19808920
446,Bernie Sanders,AGAINST,971478923220418560,1869575251
447,Bernie Sanders,AGAINST,1242893818434748416,713899036030345216
448,Bernie Sanders,AGAINST,1230337088857481216,557288398
449,Bernie Sanders,AGAINST,971690989214560256,1869575251
450,Bernie Sanders,AGAINST,1238615999953481728,3003620035
451,Bernie Sanders,AGAINST,1238510615406223360,2588078773
452,Bernie Sanders,AGAINST,1239000767589212160,1225966870400032769
453,Bernie Sanders,FAVOR,1227019619594047488,1225614051876708352
454,Bernie Sanders,FAVOR,1232996946991812608,385230777
455,Bernie Sanders,FAVOR,1236150688331292672,39640924
456,Bernie Sanders,AGAINST,1237788948371554304,3146569514
457,Bernie Sanders,FAVOR,1235200216497819648,1048601294888480768
458,Bernie Sanders,FAVOR,1232558096150605824,79097594
459,Bernie Sanders,FAVOR,1231991401438535680,411704576
460,Bernie Sanders,FAVOR,1241753323545473024,168943
461,Bernie Sanders,FAVOR,1240801926209400832,1037272052472770560
462,Bernie Sanders,AGAINST,1235211541366083584,377686106
463,Bernie Sanders,FAVOR,1238652138181591040,4175645296
464,Bernie Sanders,AGAINST,1079614627850248192,757450918061154305
465,Bernie Sanders,NONE,986033776412196864,19509858
466,Bernie Sanders,AGAINST,1266123798807371776,1040421599042691072
467,Bernie Sanders,FAVOR,1088255577095131136,1618350332
468,Bernie Sanders,FAVOR,958447906297696256,378562441
469,Bernie Sanders,FAVOR,989669299060080640,921212904
470,Bernie Sanders,AGAINST,1142403051103424512,34813271
471,Bernie Sanders,AGAINST,1234684997195333632,1177651674564976640
472,Bernie Sanders,FAVOR,1233093118888730624,445932303
473,Bernie Sanders,FAVOR,1222632458090242048,2524320512
474,Bernie Sanders,AGAINST,1244077201236033536,1214190094585720832
475,Bernie Sanders,FAVOR,1228027949070397440,844584115
476,Bernie Sanders,AGAINST,1121109616467881984,193762837
477,Bernie Sanders,FAVOR,1237182850304225280,1234887505645838336
478,Bernie Sanders,FAVOR,1245106042503081984,1183395672072085505
479,Bernie Sanders,FAVOR,1227176072283815936,14497318
480,Bernie Sanders,FAVOR,1242908814027960320,838902662263357441
481,Bernie Sanders,FAVOR,1237123645656502272,311763736
482,Bernie Sanders,AGAINST,1244654587014979584,1131157834748563462
483,Bernie Sanders,FAVOR,1244394941415071744,16906988
484,Bernie Sanders,FAVOR,1225959911345004544,492403461
485,Bernie Sanders,AGAINST,1231999797558730752,1146191840116428800
486,Bernie Sanders,FAVOR,1235639014528634880,1084163134057791490
487,Bernie Sanders,FAVOR,1166178737198686208,4190523327
488,Bernie Sanders,FAVOR,1186292344074788864,367750490
489,Bernie Sanders,AGAINST,1239411280554921984,4511215333
490,Bernie Sanders,FAVOR,1166496339871457280,4263127152
491,Bernie Sanders,NONE,1151988664873783296,868211735974432769
492,Bernie Sanders,FAVOR,1243309146855751680,15975316
493,Bernie Sanders,FAVOR,1169314415709237248,1110389035174948864
494,Bernie Sanders,FAVOR,1240822017701474304,919190335326011392
495,Bernie Sanders,FAVOR,1231552638551937024,45636701
496,Bernie Sanders,FAVOR,1235033891074969600,1178106799456690177
497,Bernie Sanders,FAVOR,1234785655705571328,1100841707241795584
498,Bernie Sanders,FAVOR,1172498285996593152,28813745
499,Bernie Sanders,FAVOR,957144394632695808,377324638
500,Bernie Sanders,AGAINST,1108641724778242048,384852760
501,Bernie Sanders,FAVOR,1232549242679390208,45779438
502,Bernie Sanders,FAVOR,1165394273648271360,16072199
503,Bernie Sanders,FAVOR,1152388746924498944,147244284
504,Bernie Sanders,AGAINST,1232508071471128576,17679900
505,Bernie Sanders,FAVOR,1098041504361259008,180457615
506,Bernie Sanders,AGAINST,1085727967613923328,525731283
507,Bernie Sanders,AGAINST,1233193508137127936,2865757775
508,Bernie Sanders,FAVOR,1034851146966478848,959618917038743552
509,Bernie Sanders,AGAINST,1044410708996182016,283306173
510,Bernie Sanders,NONE,958078800729800704,3362532073
511,Bernie Sanders,FAVOR,1210646571123130368,26603208
512,Bernie Sanders,FAVOR,1034805215109632000,823567256030326785
513,Bernie Sanders,FAVOR,1078813003477340160,2695857915
514,Bernie Sanders,FAVOR,1230355616494841856,370351524
515,Bernie Sanders,FAVOR,1221128095232512000,782395015527927809
516,Bernie Sanders,NONE,1232871063966580736,134307442
517,Bernie Sanders,FAVOR,958723698143440896,28486108
518,Bernie Sanders,AGAINST,1112481993059528704,473601583
519,Bernie Sanders,FAVOR,1254798814432591872,491824824
520,Bernie Sanders,FAVOR,1178691172195135488,22211076
521,Bernie Sanders,FAVOR,1257166005102665728,224245536
522,Bernie Sanders,FAVOR,1167822847214944256,872798807842533377
523,Bernie Sanders,AGAINST,1232210191334232064,330154718
524,Bernie Sanders,FAVOR,1240389452343775232,756080400
525,Bernie Sanders,FAVOR,1231436785676193792,86338557
526,Bernie Sanders,AGAINST,980567476432809984,21126305
527,Bernie Sanders,FAVOR,1217292193095766016,49117919
528,Bernie Sanders,NONE,1097943789652590592,1511018348
529,Bernie Sanders,FAVOR,1173676472453783552,2517169749
530,Bernie Sanders,AGAINST,1235615089430052864,1438547504
531,Bernie Sanders,FAVOR,1227298250568458240,1133613018594414592
532,Bernie Sanders,AGAINST,1039573874965282816,18586848
533,Bernie Sanders,AGAINST,1178754576251527168,20742597
534,Bernie Sanders,AGAINST,1217497568948760576,410927586
535,Bernie Sanders,AGAINST,1178788744628854784,758677666710990848
536,Bernie Sanders,AGAINST,1252677090660368384,2691408012
537,Bernie Sanders,FAVOR,1249745124235632640,515834562
538,Bernie Sanders,AGAINST,1144440003742691328,896598403
539,Bernie Sanders,AGAINST,1232491158418247680,1217235025533526016
540,Bernie Sanders,FAVOR,1202305390819467264,2293482750
541,Bernie Sanders,NONE,1229178411291009024,312149882
542,Bernie Sanders,FAVOR,1238689173852176384,889868885192835073
543,Bernie Sanders,AGAINST,958074367564484608,350047207
544,Bernie Sanders,NONE,1239361854469738496,3060272322
545,Bernie Sanders,AGAINST,1144434546336776192,19754386
546,Bernie Sanders,AGAINST,1178786124669440000,373806014
547,Bernie Sanders,FAVOR,956608086529077248,15250388
548,Bernie Sanders,NONE,1141322434332766208,126681958
549,Bernie Sanders,NONE,1136807889203605504,4289485636
550,Bernie Sanders,AGAINST,1190813882337517568,183464212
551,Bernie Sanders,AGAINST,1233466948358373376,797136718751219712
552,Bernie Sanders,AGAINST,1240755005164003328,52081059
553,Bernie Sanders,AGAINST,1232083132649627648,961721367854018563
554,Bernie Sanders,AGAINST,1123288937550811136,84091971
555,Bernie Sanders,AGAINST,1081994867394269184,155007941
556,Bernie Sanders,AGAINST,1096966176855543808,27390336
557,Bernie Sanders,FAVOR,1102422158079344640,1089125036567478274
558,Bernie Sanders,NONE,1271296122082996224,995838364992573440
559,Bernie Sanders,NONE,1228571419128270848,1206166412093513729
560,Bernie Sanders,AGAINST,1239356286619258880,4833818488
561,Bernie Sanders,AGAINST,975915633274597376,16847767
562,Bernie Sanders,NONE,1067550330873892864,2192887524
563,Bernie Sanders,FAVOR,1216878863999029248,15411417
564,Bernie Sanders,NONE,1239344095606108160,15975316
565,Bernie Sanders,AGAINST,1186345088403697664,1060637890424692736
566,Bernie Sanders,AGAINST,1042215528146907136,845267198696411138
567,Bernie Sanders,FAVOR,1231430605872812032,1157015717641883649
568,Bernie Sanders,AGAINST,1222587717692715008,26887408
569,Bernie Sanders,AGAINST,989846901712474112,148784786
570,Bernie Sanders,FAVOR,1237598358664929280,783995996
571,Bernie Sanders,AGAINST,1084471677067644928,15347644
572,Bernie Sanders,NONE,1192802756714803200,860652751
573,Bernie Sanders,AGAINST,1066125830454239232,3248832505
574,Bernie Sanders,AGAINST,1234109172146372608,598925796
575,Bernie Sanders,FAVOR,1239351157257977856,256697608
576,Bernie Sanders,FAVOR,1187101713100103680,1093914801137504257
577,Bernie Sanders,FAVOR,1144435015628947456,33142064
578,Bernie Sanders,FAVOR,1100783047165792256,169949875
579,Bernie Sanders,FAVOR,1035328346677104640,2479085623
580,Bernie Sanders,AGAINST,1159197301123866624,2699695021
581,Bernie Sanders,AGAINST,1152278679176847360,759082491688980481
582,Bernie Sanders,AGAINST,1117995544863887360,599857189
583,Bernie Sanders,FAVOR,1263930779672903680,1125501884184367107
584,Bernie Sanders,NONE,1239362181982040064,20539154
585,Bernie Sanders,FAVOR,1221554715718082560,98722412
586,Bernie Sanders,AGAINST,1144756207456010240,823760755191377920
587,Bernie Sanders,NONE,1232578881992957952,1206166412093513729
588,Bernie Sanders,AGAINST,1110742205646417920,1110630119293571072
589,Bernie Sanders,FAVOR,956695586144686080,2485845780
590,Bernie Sanders,FAVOR,1269860830381776896,984103865271414784
591,Bernie Sanders,AGAINST,1016375288597438464,18586848
592,Bernie Sanders,AGAINST,1231773501553627136,496173212
593,Bernie Sanders,NONE,1219732455361433600,1156015047321116672
594,Bernie Sanders,AGAINST,1167901775090733056,771461658124222464
595,Bernie Sanders,FAVOR,1271262710303358976,3105490614
596,Bernie Sanders,AGAINST,1101244758025011200,22949852
597,Bernie Sanders,AGAINST,1233851606531178496,1195401779984453632
598,Bernie Sanders,NONE,1100407851971862528,1119760256
599,Bernie Sanders,FAVOR,1265381935011909632,1253869245307531265
600,Bernie Sanders,NONE,1232105748047417344,559715065
601,Bernie Sanders,AGAINST,1091122333681700864,46896631
602,Bernie Sanders,NONE,958764854575157248,2151216810
603,Bernie Sanders,AGAINST,1235614803218980864,494626920
604,Bernie Sanders,FAVOR,1217295213829525504,2538250640
605,Bernie Sanders,FAVOR,1257171162389340160,711287276479754241
606,Bernie Sanders,FAVOR,1001624659849232384,25363146
607,Bernie Sanders,AGAINST,1217297767342710784,896980093070958592
608,Bernie Sanders,FAVOR,1200242485253038080,450941680
609,Bernie Sanders,FAVOR,1234666646007996416,44636049
610,Bernie Sanders,AGAINST,1227045478686187520,112476696
611,Bernie Sanders,AGAINST,1142376901681582080,1086125893070872576
612,Bernie Sanders,AGAINST,1229976020310118400,322874617
613,Bernie Sanders,FAVOR,1134580023267139584,1110354700573032449
614,Bernie Sanders,FAVOR,1132929083552100352,43312680
615,Bernie Sanders,AGAINST,1219695385649786880,970993297853485058
616,Bernie Sanders,AGAINST,1024094939246993408,1270735232
617,Bernie Sanders,FAVOR,1200886479188373504,933771607
618,Bernie Sanders,AGAINST,1233161948629524480,1155809879015251969
619,Bernie Sanders,FAVOR,1232483228037967872,45660383
620,Bernie Sanders,AGAINST,1078227033560297472,829576036622835712
621,Bernie Sanders,NONE,1134585175331999744,8414352
622,Bernie Sanders,AGAINST,1235570488841318400,23502587
623,Bernie Sanders,AGAINST,1261478670822109184,353432348
624,Bernie Sanders,FAVOR,1236733722805907456,988828906345172993
625,Bernie Sanders,NONE,1227626244931407872,57672465
626,Bernie Sanders,FAVOR,1220731593125351424,543452426
627,Bernie Sanders,AGAINST,1232139214168391680,911961538814255105
628,Bernie Sanders,AGAINST,1233495925856915456,732430622283567104
629,Bernie Sanders,AGAINST,1232552109524033536,1656135289
630,Bernie Sanders,FAVOR,1122048326625562624,16664309
631,Bernie Sanders,NONE,1156381658460950528,147851562
632,Bernie Sanders,AGAINST,958805570810712064,1220002566
633,Bernie Sanders,FAVOR,1190971754849722368,49031257
634,Bernie Sanders,NONE,1235399507527045120,499533224
635,Bernie Sanders,NONE,956898767831224320,143273196
636,Bernie Sanders,FAVOR,1230298150558105600,229290607
637,Bernie Sanders,FAVOR,1228563760236789760,810139656167821312
638,Bernie Sanders,FAVOR,1228367615745282048,71055193
639,Bernie Sanders,AGAINST,1210637665588195328,155007941
640,Bernie Sanders,FAVOR,981530085621731328,844148907764596737
641,Bernie Sanders,AGAINST,1231903090200186880,26435749
642,Bernie Sanders,NONE,1227046360261779456,2373909360
643,Bernie Sanders,AGAINST,1066974528310394880,836975329
644,Bernie Sanders,AGAINST,967062215126745088,1284956808
645,Bernie Sanders,FAVOR,1044699031488802816,27033375
646,Bernie Sanders,FAVOR,1194020753156575232,344515692
647,Bernie Sanders,AGAINST,1221821608647479296,543452426
648,Bernie Sanders,AGAINST,1101256048965488640,951983443
649,Bernie Sanders,AGAINST,1232459383675682816,2879545570
650,Bernie Sanders,FAVOR,1238285143669968896,369873923
651,Bernie Sanders,FAVOR,979003177407320064,194838354
652,Bernie Sanders,AGAINST,1135548645108002816,1364532703
653,Bernie Sanders,NONE,967230724549107712,58118528
654,Bernie Sanders,AGAINST,1230677215127494656,591477841
655,Bernie Sanders,FAVOR,1234501255629766656,827531635121848327
656,Bernie Sanders,AGAINST,1121924499564388352,16351170
657,Bernie Sanders,FAVOR,1232560309254184960,1016349046276009985
658,Bernie Sanders,FAVOR,1248253043704918016,1095364792397774850
659,Bernie Sanders,AGAINST,1055776687697354752,31417953
660,Bernie Sanders,AGAINST,1197609527346188288,1234643304
661,Bernie Sanders,NONE,1266841587058966528,489131907
662,Bernie Sanders,AGAINST,1189894407975133184,470808288
663,Bernie Sanders,FAVOR,1010912074262724608,61349124
664,Bernie Sanders,AGAINST,1152783951120994304,926319505
665,Bernie Sanders,FAVOR,1002303179969753088,61880518
666,Bernie Sanders,FAVOR,1208236001023401984,1179930421271912453
667,Bernie Sanders,NONE,1232354446849576960,1103622835
668,Bernie Sanders,AGAINST,1235043592239906816,47496394
669,Bernie Sanders,AGAINST,1231013752167755776,46587564
670,Bernie Sanders,AGAINST,1190414941636960256,2155113653
671,Bernie Sanders,FAVOR,1125522547645329408,26650974
672,Bernie Sanders,AGAINST,1012353535713792000,972162761500213249
673,Bernie Sanders,FAVOR,1087120834026704896,31417953
674,Bernie Sanders,AGAINST,1101319746190958592,58100214
675,Bernie Sanders,FAVOR,1192073177230385152,1115017815789117441
676,Bernie Sanders,AGAINST,1227677166428618752,1081981721413857280
677,Bernie Sanders,FAVOR,1232527801405718528,59596921
678,Bernie Sanders,FAVOR,1234096153362300928,1109608734777593856
679,Bernie Sanders,NONE,968477470818258944,2634489965
680,Bernie Sanders,AGAINST,1067616872160387072,1066708441865932800
681,Bernie Sanders,NONE,1097956483071909888,21160888
682,Bernie Sanders,NONE,1175902072891498496,28704449
683,Bernie Sanders,FAVOR,1229893408463843328,1156395962060824576
684,Bernie Sanders,NONE,1072298461830230016,774893842780696577
685,Bernie Sanders,AGAINST,1239367493304623104,1230647846015242338
686,Bernie Sanders,AGAINST,1187848738007605248,713951294
687,Bernie Sanders,FAVOR,1157447849652699136,1013374544
688,Bernie Sanders,FAVOR,967070673578446848,881998724720996353
689,Bernie Sanders,NONE,1237544293100736512,15856435
690,Bernie Sanders,NONE,1232480283527499776,59041898
691,Bernie Sanders,AGAINST,1123294082866925568,1034541832468713472
692,Bernie Sanders,AGAINST,1092591263935688704,198035179
693,Bernie Sanders,FAVOR,1262837734722469888,746295743992889344
694,Bernie Sanders,NONE,1232343193536073728,143186751
695,Bernie Sanders,AGAINST,1132610882905739264,2248251835
696,Bernie Sanders,AGAINST,1112415838672482304,4541629540
697,Bernie Sanders,AGAINST,1240072176637743104,66878859
698,Bernie Sanders,AGAINST,1189976568954789888,234548424
699,Bernie Sanders,FAVOR,1236700323445686272,2963791783
700,Bernie Sanders,AGAINST,1089014669191327744,58541926
701,Bernie Sanders,FAVOR,1229148825392160768,1158025126421684224
702,Bernie Sanders,NONE,975853552747859968,871431974354915328
703,Bernie Sanders,FAVOR,1231356335742058496,20948359
704,Bernie Sanders,FAVOR,1219348464162803712,455869077
705,Bernie Sanders,AGAINST,1146725042216144896,34844572
706,Bernie Sanders,FAVOR,1231882865610092544,110799048
707,Bernie Sanders,NONE,1223519171096477696,3408262787
708,Bernie Sanders,AGAINST,1200852918301270016,82439559
709,Bernie Sanders,NONE,1232471790875635712,25916881
710,Bernie Sanders,FAVOR,1240080549743640576,1235024189024882690
711,Bernie Sanders,FAVOR,1234534448877723648,869782518
712,Bernie Sanders,NONE,1012136416611102720,22157576
713,Bernie Sanders,AGAINST,1239414712132984832,14305673
714,Bernie Sanders,AGAINST,1220891353623748608,863732030902865920
715,Bernie Sanders,FAVOR,1227686659304460288,228056963
716,Bernie Sanders,FAVOR,1239369332456595456,2942611434
717,Bernie Sanders,FAVOR,1230960429003890688,1215187843993231362
718,Bernie Sanders,FAVOR,1228407361137594368,1107161618280902656
719,Bernie Sanders,FAVOR,1212137802177138688,898804859830493184
720,Bernie Sanders,FAVOR,1237694749722546176,1211795170057830400
721,Bernie Sanders,AGAINST,1231008357802237952,1043352867069980677
722,Bernie Sanders,FAVOR,1197368320271405056,19362341
723,Bernie Sanders,NONE,1063256103461445632,270048677
724,Bernie Sanders,FAVOR,1156619061276680192,825836205594046464
725,Bernie Sanders,AGAINST,967941256054796288,29443660
726,Bernie Sanders,AGAINST,1239183540022939648,913263789415395328
727,Bernie Sanders,AGAINST,1117965561454039040,1249191284
728,Bernie Sanders,NONE,1232481974121463808,362510239
729,Bernie Sanders,FAVOR,1107075273982398464,1025580908093562880
730,Bernie Sanders,AGAINST,979214215834632192,3310024989
731,Bernie Sanders,FAVOR,1156389741065113600,91948380
732,Bernie Sanders,FAVOR,1233479042223005696,471306651
733,Bernie Sanders,AGAINST,1191378050258104320,426369194
734,Bernie Sanders,NONE,1131902474959429632,1123739877055528960
735,Bernie Sanders,FAVOR,1234839946827042816,937572644
736,Bernie Sanders,AGAINST,1261766113106382848,481461219
737,Bernie Sanders,AGAINST,1237660598630076416,25257234
738,Bernie Sanders,FAVOR,1239367205990563840,16704653
739,Bernie Sanders,AGAINST,1235444456758882304,257704103
740,Bernie Sanders,FAVOR,967170499989196800,318899230
741,Bernie Sanders,FAVOR,1236459280175333376,793545810
742,Bernie Sanders,FAVOR,1234364090690220032,1190001235883167750
743,Bernie Sanders,FAVOR,1233131303865708544,29405939
744,Bernie Sanders,FAVOR,1217297428942139392,942080767391354880
745,Bernie Sanders,FAVOR,1152981668447129600,36845729
746,Bernie Sanders,AGAINST,1235101957490016256,34234023
747,Bernie Sanders,FAVOR,1222523285004541952,552784872
748,Bernie Sanders,NONE,1217436743072280576,53785396
749,Bernie Sanders,AGAINST,1034909978748956672,53502841
750,Bernie Sanders,NONE,1248269799383326720,221873073
751,Bernie Sanders,AGAINST,1156560064502743040,716277987428044801
752,Bernie Sanders,FAVOR,1239361669928816640,55603971
753,Bernie Sanders,FAVOR,1224923763730534400,41641262
754,Bernie Sanders,FAVOR,1005635883834454016,2192887524
755,Bernie Sanders,NONE,1217294004540149760,42926854
756,Bernie Sanders,NONE,989666012801925120,202336237
757,Bernie Sanders,AGAINST,1047883024770060288,22408532
758,Bernie Sanders,FAVOR,1119984481828507648,406263149
759,Bernie Sanders,FAVOR,975412848242372608,792316808
760,Bernie Sanders,NONE,1231316863818387456,3116066493
761,Bernie Sanders,AGAINST,1202929920537706496,2958653284
762,Bernie Sanders,AGAINST,1212740802838958080,266326338
763,Bernie Sanders,FAVOR,1220939270505914368,1036855357077778432
764,Bernie Sanders,AGAINST,1240767551195545600,198846718
765,Bernie Sanders,AGAINST,1237732831444566016,117010608
766,Bernie Sanders,FAVOR,1064859371115634688,31417953
767,Bernie Sanders,FAVOR,1100891512823406592,1067318446847741952
768,Bernie Sanders,FAVOR,1140437623862808576,871184290675118080
769,Bernie Sanders,FAVOR,1237489945658273792,1069495790630973440
770,Bernie Sanders,FAVOR,1194058027474620416,2296528381
771,Bernie Sanders,AGAINST,1232449379665006592,981269335552479232
772,Bernie Sanders,FAVOR,1230759528657850368,1183314973
773,Bernie Sanders,FAVOR,1240136786531307520,4710211214
774,Bernie Sanders,NONE,1002088945017085952,173242630
775,Bernie Sanders,FAVOR,1182736564427771904,1166346878
776,Bernie Sanders,FAVOR,1177682442708123648,352665665
777,Bernie Sanders,AGAINST,1023695906619760640,589569762
778,Bernie Sanders,FAVOR,1167721172605329408,16250216
779,Bernie Sanders,AGAINST,1001964658696351744,31045384
780,Bernie Sanders,NONE,1184516865478905856,724012560534507521
781,Bernie Sanders,AGAINST,1231945495456747520,920120467
782,Bernie Sanders,NONE,1079275729001566208,1659143910
783,Bernie Sanders,AGAINST,1217302542087884800,65452449
784,Bernie Sanders,FAVOR,1184477627178012672,268630665
785,Bernie Sanders,NONE,1230794303628337152,597381458
786,Bernie Sanders,AGAINST,1067900491303018496,72850869
787,Bernie Sanders,AGAINST,1034662489777233920,3109449385
788,Bernie Sanders,FAVOR,958583976989511680,885279156019253248
789,Bernie Sanders,FAVOR,1183221596510736384,713071681745653760
790,Bernie Sanders,AGAINST,1123341956644507648,1086032783196258305
791,Bernie Sanders,NONE,1235050127259099136,266800302
792,Bernie Sanders,NONE,1175953932117524480,24027429
793,Bernie Sanders,NONE,1239945017822777344,1224271972089126912
794,Bernie Sanders,NONE,1084928560979152896,64643056
795,Bernie Sanders,FAVOR,1097957816139051008,599857189
796,Bernie Sanders,FAVOR,1239388141863071744,922035196819468288
797,Bernie Sanders,FAVOR,1217649633607839744,452655392
798,Bernie Sanders,FAVOR,1227671428322844672,3684502292
799,Bernie Sanders,AGAINST,1006173628738629632,16072199
800,Bernie Sanders,FAVOR,965300020412067840,16171442
801,Bernie Sanders,NONE,1218503614085435392,1103365568286130176
802,Bernie Sanders,NONE,1108164866915786752,599857189
803,Bernie Sanders,AGAINST,1133706317317771264,1007760887854370816
804,Bernie Sanders,AGAINST,1204915947221504000,1003130904
805,Bernie Sanders,FAVOR,1248113909808140288,159480648
806,Bernie Sanders,AGAINST,1144409859208765440,458945038
807,Bernie Sanders,FAVOR,1236679889861959680,698632556879556608
808,Bernie Sanders,FAVOR,1223684150051229696,782395015527927809
809,Bernie Sanders,FAVOR,991818781881126912,259121785
810,Bernie Sanders,NONE,1107085372066979840,517295547
811,Bernie Sanders,FAVOR,1231049325796446208,625106160
812,Bernie Sanders,AGAINST,1221849265678368768,543452426
813,Bernie Sanders,AGAINST,1011996928295481344,15952589
814,Bernie Sanders,AGAINST,1104889926221467648,828040491547684864
815,Bernie Sanders,FAVOR,1232725780037279744,961538336
816,Bernie Sanders,FAVOR,1184595270920785920,3418883573
817,Bernie Sanders,AGAINST,1234968656783663104,38949249
818,Bernie Sanders,AGAINST,1231018151099293696,111008993
819,Bernie Sanders,AGAINST,1134513359074811904,856146779892482050
820,Bernie Sanders,FAVOR,1230312170640093184,1128382800300789761
821,Bernie Sanders,AGAINST,1000204839744364544,222554961
822,Bernie Sanders,AGAINST,1230809509087543296,51424810
823,Bernie Sanders,AGAINST,1203545036287295488,592406784
824,Bernie Sanders,AGAINST,1217573714314911744,1170043026997161990
825,Bernie Sanders,AGAINST,1231531006198517760,4118251469
826,Bernie Sanders,FAVOR,1267265789859467264,1208909113083588609
827,Bernie Sanders,FAVOR,1089299515566215168,305536560
828,Bernie Sanders,NONE,1028444286529007616,3444869952
829,Bernie Sanders,AGAINST,1231041599250894848,1169277768275808256
830,Bernie Sanders,AGAINST,1164019374501404672,350047207
831,Bernie Sanders,FAVOR,1184310246870831104,1180563633639772161
832,Bernie Sanders,AGAINST,1005256641644847104,1003130904
833,Bernie Sanders,NONE,1168849373779787776,470808288
834,Bernie Sanders,FAVOR,953723016172658688,15533241
835,Bernie Sanders,FAVOR,1233117097296715776,820816186480807938
836,Bernie Sanders,AGAINST,1233010127172702208,1146831366111334400
837,Bernie Sanders,NONE,1101151424971444224,22677427
838,Bernie Sanders,NONE,1217298758527926272,18778999
839,Bernie Sanders,AGAINST,1120440893281112064,1001063895522578432
840,Bernie Sanders,FAVOR,1266754574041280512,1266750122559332354
841,Bernie Sanders,AGAINST,1100963589899182080,49379886
842,Bernie Sanders,FAVOR,1104241977426673664,322034421
843,Bernie Sanders,FAVOR,967826244740972544,464626461
844,Bernie Sanders,AGAINST,1217293154916933632,616764324
845,Bernie Sanders,FAVOR,1186420401045327872,470808288
846,Bernie Sanders,FAVOR,1153403552242360320,87109517
847,Bernie Sanders,AGAINST,989287806345404416,792139854968721410
848,Bernie Sanders,FAVOR,1075747842235514880,326346094
849,Bernie Sanders,AGAINST,1236021374914682880,3366086818
850,Bernie Sanders,AGAINST,1178652959938371584,2894721089
851,Bernie Sanders,FAVOR,1223346167595048960,32266756
852,Bernie Sanders,AGAINST,1107132404152430592,18586848
853,Bernie Sanders,FAVOR,1097875321192357888,938801544232886272
854,Bernie Sanders,AGAINST,978677889078984704,704420962771607552
855,Bernie Sanders,FAVOR,1078728617453072384,4184334562
856,Bernie Sanders,FAVOR,1231620701284700160,215292073
857,Bernie Sanders,FAVOR,1227155931533692928,86224590
858,Bernie Sanders,AGAINST,1239374138097020928,276866083
859,Bernie Sanders,AGAINST,1125183133853204480,43312680
860,Bernie Sanders,FAVOR,1237518262784548864,18014541
861,Bernie Sanders,FAVOR,1176694816308158464,105272579
862,Bernie Sanders,NONE,1235287388743700480,390265730
863,Bernie Sanders,NONE,1229240026522935296,1213968696512630786
864,Bernie Sanders,AGAINST,1231014713825230848,358593046
865,Bernie Sanders,AGAINST,1227809830011854848,1208321980027547649
866,Bernie Sanders,FAVOR,1234296009452376064,33352043
867,Bernie Sanders,NONE,1188530398965485568,1184984287151624192
868,Bernie Sanders,FAVOR,1234999058487332864,7043382
869,Bernie Sanders,FAVOR,1230596328801132544,27582154
870,Bernie Sanders,FAVOR,1235159873735856128,1086889440
871,Bernie Sanders,AGAINST,989851661681201152,19875354
872,Bernie Sanders,FAVOR,1240725073247404032,1887559158
873,Bernie Sanders,AGAINST,1197354597507043328,260581527
874,Bernie Sanders,NONE,1229922469789753344,2371453656
875,Bernie Sanders,AGAINST,978002622731911168,124809883
876,Bernie Sanders,AGAINST,1054880684215459840,228938650
877,Bernie Sanders,FAVOR,1035337672863215616,732750477109104642
878,Bernie Sanders,AGAINST,1230079451695697920,46475420
879,Bernie Sanders,NONE,1197406626870964224,19802846
880,Bernie Sanders,AGAINST,1234107902681636864,719072526
881,Bernie Sanders,FAVOR,1242956204852289536,211784518
882,Bernie Sanders,FAVOR,1232528097645297664,18254102
883,Bernie Sanders,AGAINST,1236472154763362304,1083043493310676992
884,Bernie Sanders,NONE,1178051833048244224,1014458602898313216
885,Bernie Sanders,AGAINST,1240105408791969792,479111358
886,Bernie Sanders,FAVOR,1235060842930065408,71083239
887,Bernie Sanders,AGAINST,1223366601413496832,762903512
888,Bernie Sanders,NONE,1207867263531016192,278216480
889,Bernie Sanders,FAVOR,1237444616858808320,1061393298
890,Bernie Sanders,FAVOR,1255529844798038016,805606556
891,Bernie Sanders,AGAINST,1239614417727356928,366233633
892,Bernie Sanders,AGAINST,1235601196280352768,879082204005052418
893,Bernie Sanders,FAVOR,1235200203671638016,22825871
894,Bernie Sanders,FAVOR,1165343689637531648,260303502
895,Bernie Sanders,NONE,1240776577971105792,826293098556825600
896,Bernie Sanders,FAVOR,1237078011457003520,788726523587072001
897,Bernie Sanders,FAVOR,1137262646170980352,425030301
898,Bernie Sanders,AGAINST,1156275116273274880,75784282
899,Bernie Sanders,NONE,1251896309197475840,1006094974423830529
900,Bernie Sanders,AGAINST,1239361398297116672,138870199
901,Bernie Sanders,AGAINST,1232439206774882304,1852319167
902,Bernie Sanders,FAVOR,1231426354975035392,26068373
903,Bernie Sanders,AGAINST,1232481698572431360,526648823
904,Bernie Sanders,AGAINST,989926278928138240,812451544595595268
905,Bernie Sanders,FAVOR,1024437304306352128,14791516
906,Bernie Sanders,AGAINST,1117967292480937984,18586848
907,Bernie Sanders,FAVOR,1233959392220938240,460757682
908,Bernie Sanders,AGAINST,1189975179524337664,1164599412531724288
909,Bernie Sanders,AGAINST,1207845472569827328,3950544737
910,Bernie Sanders,AGAINST,1229285149206044672,2828764705
911,Bernie Sanders,NONE,1234875066908905472,45908106
912,Bernie Sanders,FAVOR,1227476314149597184,4849259498
913,Bernie Sanders,AGAINST,1101147158437416960,20271044
914,Bernie Sanders,FAVOR,1217476071630622720,47996722
915,Bernie Sanders,FAVOR,998637188035284992,55323490
916,Bernie Sanders,AGAINST,1098052632768331776,480741630
917,Bernie Sanders,FAVOR,1234972935921664000,6200272
918,Bernie Sanders,FAVOR,1168237160560021504,17667696
919,Bernie Sanders,FAVOR,1230228196349493248,46520074
920,Bernie Sanders,AGAINST,1237640173862539264,275378900
921,Bernie Sanders,NONE,1172306281408778240,1003130904
922,Bernie Sanders,NONE,1232101038582194176,1063639586113380352
923,Bernie Sanders,AGAINST,1024043092121411584,30508974
924,Bernie Sanders,AGAINST,1091122544810299392,4579496248
925,Bernie Sanders,AGAINST,1231594890393292800,21185345
926,Bernie Sanders,FAVOR,1229446611610341376,74332086
927,Bernie Sanders,AGAINST,1237473652574208000,958523200631164928
928,Bernie Sanders,AGAINST,1235646806685388800,190503976
929,Bernie Sanders,FAVOR,1001108411709362176,395420020
930,Bernie Sanders,NONE,1079852991925096448,16474075
931,Bernie Sanders,AGAINST,1089266360763514880,311910862
932,Bernie Sanders,AGAINST,1274127867471966208,304539767
933,Bernie Sanders,AGAINST,1237153721194287104,1709194201
934,Bernie Sanders,AGAINST,1235083563466240000,96828033
935,Bernie Sanders,FAVOR,1237580408742490112,1543635096
936,Bernie Sanders,AGAINST,1233902482880946176,3116066493
937,Bernie Sanders,AGAINST,1239384708321931264,1242991880
938,Bernie Sanders,AGAINST,1166876697955749888,518651331
939,Bernie Sanders,FAVOR,1238119798330056704,790686793007935488
940,Bernie Sanders,AGAINST,1130965756416581632,284699908
941,Bernie Sanders,NONE,999085510910885888,455283245
942,Bernie Sanders,NONE,1230277938316181504,80619799
943,Bernie Sanders,AGAINST,1079340042299105280,983291623122620417
944,Bernie Sanders,AGAINST,1230508473953202176,2651595991
945,Bernie Sanders,FAVOR,1217215902694830080,2669131531
946,Bernie Sanders,FAVOR,1177418996037169152,761053539242156032
947,Bernie Sanders,FAVOR,1023666306917257216,836686784222343178
948,Bernie Sanders,AGAINST,1035247702638919680,138216055
949,Bernie Sanders,FAVOR,1013162252403343360,20655790
950,Bernie Sanders,AGAINST,1220800899439910912,3060249197
951,Bernie Sanders,AGAINST,1044731257261891584,735836944689729536
952,Bernie Sanders,AGAINST,1231067365858656256,3091349857
953,Bernie Sanders,NONE,1144572016625766400,543452426
954,Bernie Sanders,FAVOR,1156207521444634624,425030301
955,Bernie Sanders,NONE,1252836292133392384,15904911
956,Bernie Sanders,FAVOR,1134532364770656256,742908189046280192
957,Bernie Sanders,NONE,1144439565098184704,128661782
958,Bernie Sanders,AGAINST,1203358145386557440,1188747073530798081
959,Bernie Sanders,FAVOR,1242219762572296192,1184494479119659009
960,Bernie Sanders,FAVOR,1199921767197892608,1051655400
961,Bernie Sanders,AGAINST,1221429140861202432,631863351
962,Bernie Sanders,NONE,998611906888904704,19431905
963,Bernie Sanders,FAVOR,1043655789548777472,15174190
964,Bernie Sanders,FAVOR,1238037057118670848,929254386
965,Bernie Sanders,AGAINST,964576525155753984,15693892
966,Bernie Sanders,AGAINST,1156714934937559040,22371031
967,Bernie Sanders,AGAINST,1178812487682019328,71183150
968,Bernie Sanders,AGAINST,1235967766424928256,2652836498
969,Bernie Sanders,FAVOR,1235027307397431296,4386963622
970,Bernie Sanders,NONE,1208718431152820224,25940955
971,Bernie Sanders,FAVOR,957739394756091904,274730101
972,Bernie Sanders,AGAINST,1206390991877496832,814552133953617922
973,Bernie Sanders,AGAINST,1235039708301778944,17638917
974,Bernie Sanders,FAVOR,1230207590212071424,607531851
975,Bernie Sanders,FAVOR,1179624070171611136,718916343869808640
976,Bernie Sanders,AGAINST,1057078824226172928,25361577
977,Bernie Sanders,AGAINST,1217306522927149056,45626053
978,Bernie Sanders,FAVOR,1013265787623223296,18094224
979,Bernie Sanders,FAVOR,1237924045187735552,889930999
980,Bernie Sanders,FAVOR,1222401882909544448,228172766
981,Bernie Sanders,AGAINST,1230342050849214464,197880158
982,Bernie Sanders,AGAINST,1250804550728060928,2817740197
983,Bernie Sanders,NONE,1056294562635800576,1008499531414040577
984,Bernie Sanders,AGAINST,977051893619937280,3920426061
985,Bernie Sanders,AGAINST,1089032076987265024,27592328
986,Bernie Sanders,FAVOR,1098042061096476672,574807922
987,Bernie Sanders,FAVOR,1156677249082355712,1796307264
988,Bernie Sanders,AGAINST,1188630025328877568,2396506754
989,Bernie Sanders,AGAINST,1178536318898524160,16669896
990,Bernie Sanders,FAVOR,1229829332136157184,1156395962060824576
991,Bernie Sanders,AGAINST,1220897700276654080,3684502292
992,Bernie Sanders,AGAINST,1237146218645483520,195551539
993,Bernie Sanders,AGAINST,1079204934061559808,4808463689
994,Bernie Sanders,FAVOR,1156005054291349504,711287276479754241
995,Bernie Sanders,NONE,1232006840147415040,62859640
996,Bernie Sanders,FAVOR,1098619599380234240,548766945
997,Bernie Sanders,AGAINST,1249790809961926656,417212212
998,Bernie Sanders,FAVOR,1202656391263084544,20480549
999,Bernie Sanders,AGAINST,1234222725566091264,57211570
1000,Bernie Sanders,NONE,1128836881632833536,874359310905556992
1001,Bernie Sanders,FAVOR,1211049053175369728,987135469313028097
1002,Bernie Sanders,AGAINST,1020041647172841472,2823618194
1003,Bernie Sanders,AGAINST,1233975280080957440,408091224
1004,Bernie Sanders,NONE,967085397921685504,2817108419
1005,Bernie Sanders,NONE,1079000392669806592,241590388
1006,Bernie Sanders,NONE,1123330868368617472,402833585
1007,Bernie Sanders,AGAINST,1230838060088094720,773667327577579520
1008,Bernie Sanders,FAVOR,1092448441685356544,1424424252
1009,Bernie Sanders,AGAINST,1129802531167715328,4214995979
1010,Bernie Sanders,NONE,1232016640885301248,1198272297792131080
1011,Bernie Sanders,FAVOR,1174759726997016576,16669896
1012,Bernie Sanders,NONE,1127714552282480640,1024384868455731200
1013,Bernie Sanders,NONE,955965924410056704,729261012
1014,Bernie Sanders,FAVOR,1217340934968483840,2714736302
1015,Bernie Sanders,FAVOR,1236922278115446784,331588308
1016,Bernie Sanders,FAVOR,1234913066887925760,940847601921986562
1017,Bernie Sanders,AGAINST,1108424447843844096,49379886
1018,Bernie Sanders,FAVOR,1170392415309565952,362271299
1019,Bernie Sanders,NONE,1209760819837313024,4017156633
1020,Bernie Sanders,FAVOR,1011287973864886272,236487888
1021,Bernie Sanders,FAVOR,1230339890497245184,500948424
1022,Bernie Sanders,FAVOR,1232129555978170368,132535895
1023,Bernie Sanders,AGAINST,1101899618131103744,557288398
1024,Bernie Sanders,AGAINST,968415255750742016,18478514
1025,Bernie Sanders,NONE,1121215600313937920,581648203
1026,Bernie Sanders,AGAINST,1235212986094161920,315458964
1027,Bernie Sanders,AGAINST,1156683065487450112,713354963926188034
1028,Bernie Sanders,FAVOR,1090741060148572160,735605082448887812
1029,Bernie Sanders,AGAINST,1231537388482158592,807812802761158656
1030,Bernie Sanders,FAVOR,1156376951868837888,15225356
1031,Bernie Sanders,AGAINST,1234242027199455232,228316342
1032,Bernie Sanders,FAVOR,1231061279026089984,1093914801137504257
1033,Bernie Sanders,AGAINST,1255105258180751360,21053150
1034,Bernie Sanders,AGAINST,1170864581591224320,19808920
1035,Bernie Sanders,AGAINST,1195492266841952256,1047849298619236352
1036,Bernie Sanders,AGAINST,1101259674949746688,1223295648
1037,Bernie Sanders,AGAINST,1265907737579274240,72850869
1038,Bernie Sanders,AGAINST,1167917720374927360,757746399903637505
1039,Bernie Sanders,FAVOR,1232707472739033088,259400496
1040,Bernie Sanders,FAVOR,1097691961056788480,172952619
1041,Bernie Sanders,FAVOR,1144203145821556736,3219971000
1042,Bernie Sanders,NONE,1237777807884914688,15232635
1043,Bernie Sanders,FAVOR,1251559759406174208,212716225
1044,Bernie Sanders,FAVOR,1234965077402370048,314221307
1045,Bernie Sanders,FAVOR,1189706024044945408,3882048676
1046,Bernie Sanders,AGAINST,1192599900795670528,19184282
1047,Bernie Sanders,AGAINST,1177391644959809536,28086543
1048,Bernie Sanders,FAVOR,1232389381018849280,342118709
1049,Bernie Sanders,FAVOR,1235872429165010944,47511005
1050,Bernie Sanders,FAVOR,967483562537766912,65646279
1051,Bernie Sanders,AGAINST,1201659714112819200,1003130904
1052,Bernie Sanders,NONE,1217299029840650240,9305042
1053,Bernie Sanders,FAVOR,1217291910781362176,3010039333
1054,Bernie Sanders,FAVOR,1174099045658370048,963282055
1055,Bernie Sanders,AGAINST,1012485952172781568,1067517138
1056,Bernie Sanders,FAVOR,1245608246674460672,438769607
1057,Bernie Sanders,AGAINST,1100743591981244416,43312680
1058,Bernie Sanders,NONE,973581529065680896,100986964
1059,Bernie Sanders,NONE,1189942434245087232,527071710
1060,Bernie Sanders,NONE,1098389961987055616,84959697
1061,Bernie Sanders,FAVOR,998666573543084032,394410124
1062,Bernie Sanders,FAVOR,1156757794923700224,98271186
1063,Bernie Sanders,AGAINST,1240071285239156736,159936912
1064,Bernie Sanders,AGAINST,1240787299899715584,923925923757355008
1065,Bernie Sanders,NONE,1173861373635432448,1137071335094591489
1066,Bernie Sanders,NONE,1238309767837335552,1025438449879470080
1067,Bernie Sanders,FAVOR,1239408034570547200,269087965
1068,Bernie Sanders,NONE,1231071440755052544,1108165121333878786
1069,Bernie Sanders,FAVOR,1217018305547948032,1066974650
1070,Bernie Sanders,AGAINST,1207858444012834816,1025438449879470080
1071,Bernie Sanders,NONE,1200437203274489856,1088147982959235072
1072,Bernie Sanders,FAVOR,1207934224642330624,967221070070763526
1073,Bernie Sanders,FAVOR,1178680136935198720,1157017220842708992
1074,Bernie Sanders,FAVOR,1218446515787706368,3408262787
1075,Bernie Sanders,NONE,1233924554742845440,1009517269658030082
1076,Bernie Sanders,AGAINST,1254852081594269696,820638759335170048
1077,Bernie Sanders,FAVOR,1124017140653281280,1082705917458763778
1078,Bernie Sanders,AGAINST,1164580652357783552,810261527269777408
1079,Bernie Sanders,AGAINST,998586569161261056,831981131561988096
1080,Bernie Sanders,FAVOR,1236006518723620864,1463111
1081,Bernie Sanders,NONE,1212108823676235776,562148034
1082,Bernie Sanders,NONE,982362150705352704,43312680
1083,Bernie Sanders,FAVOR,1240268204053839872,3243844151
1084,Bernie Sanders,FAVOR,1235791155440128000,1115373587827843072
1085,Bernie Sanders,FAVOR,1231257381708808192,986127468728795137
1086,Bernie Sanders,FAVOR,1190016554341216256,4508012058
1087,Bernie Sanders,FAVOR,1203461966691536896,50667979
1088,Bernie Sanders,FAVOR,1236153849150427136,903997720368746498
1089,Bernie Sanders,AGAINST,1087766346040049664,32256414
1090,Bernie Sanders,AGAINST,987290548984860672,335122591
1091,Bernie Sanders,FAVOR,985027698073489408,713951294
1092,Bernie Sanders,FAVOR,1208134220163383296,259121785
1093,Bernie Sanders,AGAINST,1242335482756968448,790019230389248000
1094,Bernie Sanders,FAVOR,1189373194450264064,260713626
1095,Bernie Sanders,AGAINST,1145413767355912192,267435480
1096,Bernie Sanders,AGAINST,1101202925118988288,16582023
1097,Bernie Sanders,FAVOR,1208125174849114112,4426557017
1098,Bernie Sanders,NONE,1107659875826499584,289343371
1099,Bernie Sanders,NONE,1221915345302294528,18464266
1100,Bernie Sanders,AGAINST,1156712890268655616,1098426892795826176
1101,Bernie Sanders,FAVOR,1232488446020599808,35704274
1102,Bernie Sanders,AGAINST,1012723437444321280,39296957
1103,Bernie Sanders,AGAINST,1249816268292657152,1482390786
1104,Bernie Sanders,FAVOR,1117838970925326336,725462065
1105,Bernie Sanders,AGAINST,1143170793628676096,1128290494570803201
1106,Bernie Sanders,NONE,1256155930686783488,2979466367
1107,Bernie Sanders,AGAINST,1233103185990111232,264954642
1108,Bernie Sanders,AGAINST,1238482571857715200,846029859226877953
1109,Bernie Sanders,FAVOR,1241931098088779776,1224717659633340418
1110,Bernie Sanders,FAVOR,1097916943590252544,320919057
1111,Bernie Sanders,FAVOR,1231458882171465728,346156708
1112,Bernie Sanders,AGAINST,1237788281393287168,15270987
1113,Bernie Sanders,AGAINST,1223391386843484160,1212294777506385920
1114,Bernie Sanders,AGAINST,1123327320016793600,4296727513
1115,Bernie Sanders,AGAINST,1237128522331836416,1004192521403150337
1116,Bernie Sanders,AGAINST,1024072498483277824,64785350
1117,Bernie Sanders,AGAINST,1232192612355969024,1490310284
1118,Bernie Sanders,NONE,1080693018498191360,43312680
1119,Bernie Sanders,AGAINST,1013406077042548736,2970903594
1120,Bernie Sanders,AGAINST,1089236954435137536,2373523446
1121,Bernie Sanders,FAVOR,1262810617351671808,48003257
1122,Bernie Sanders,NONE,1236804741511786496,157013030
1123,Bernie Sanders,NONE,1247911548657565696,836709230
1124,Bernie Sanders,FAVOR,1225988199224205312,1441987098
1125,Bernie Sanders,AGAINST,978588393167826944,1117336718
1126,Bernie Sanders,FAVOR,1243299002466123776,1006953305740857354
1127,Bernie Sanders,AGAINST,1145416146616815616,1979182374
1128,Bernie Sanders,FAVOR,1195075686282645504,352665665
1129,Bernie Sanders,AGAINST,1164525359020290048,539357972
1130,Bernie Sanders,NONE,1233345684041949184,243989346
1131,Bernie Sanders,FAVOR,1140375839017754624,1140238446126075904
1132,Bernie Sanders,FAVOR,1231576772627566592,1481789592
1133,Bernie Sanders,NONE,1262500407114256384,43414431
1134,Bernie Sanders,FAVOR,1239367385653620736,461504723
1135,Bernie Sanders,AGAINST,1256810715949617152,1135217774450528256
1136,Bernie Sanders,NONE,1239355864521355264,35395328
1137,Bernie Sanders,AGAINST,1141662077528002560,985311739
1138,Bernie Sanders,AGAINST,1100220169023045632,61041270
1139,Bernie Sanders,NONE,1227507886139547648,259100812
1140,Bernie Sanders,NONE,1228155691627507712,29283
1141,Bernie Sanders,FAVOR,1239923554512252928,18114982
1142,Bernie Sanders,AGAINST,1239857708548980736,827207695619018752
1143,Bernie Sanders,FAVOR,1233054671641567232,326917598
1144,Bernie Sanders,FAVOR,1235864109255548928,911069965913956358
1145,Bernie Sanders,AGAINST,1098067459460878336,833441583605256192
1146,Bernie Sanders,FAVOR,1230217427956490240,25641158
1147,Bernie Sanders,AGAINST,1183890738372853760,255765991
1148,Bernie Sanders,AGAINST,1188543979664621568,250973503
1149,Bernie Sanders,AGAINST,976046891023716352,16486484
1150,Bernie Sanders,FAVOR,1230315974001217536,58133296
1151,Bernie Sanders,AGAINST,1245071389104766976,575774461
1152,Bernie Sanders,FAVOR,1237159195952197632,3054238647
1153,Bernie Sanders,FAVOR,1220753125671223296,320919057
1154,Bernie Sanders,FAVOR,1258847630790098944,1144979494035501056
1155,Bernie Sanders,AGAINST,1171073832381116416,24329178
1156,Bernie Sanders,FAVOR,1226918369640755200,1055182351586746368
1157,Bernie Sanders,FAVOR,1237750041919377408,1145882207040393216
1158,Bernie Sanders,NONE,1268988779194392576,16323294
1159,Bernie Sanders,FAVOR,1165687591267520512,713329314670874624
1160,Bernie Sanders,NONE,1230332561785868288,1178450905496248320
1161,Bernie Sanders,FAVOR,1234929943399653376,1070864299633995784
1162,Bernie Sanders,AGAINST,1079725873006297088,798909262302941184
1163,Bernie Sanders,FAVOR,1185993218321612800,38626485
1164,Bernie Sanders,AGAINST,1200828610837221376,18195110
1165,Bernie Sanders,AGAINST,1235034251206307840,820256518259949569
1166,Bernie Sanders,FAVOR,1207635952216268800,1087060102966927361
1167,Bernie Sanders,FAVOR,1249982860485853184,809781082182873093
1168,Bernie Sanders,FAVOR,956195268487188480,605214662
1169,Bernie Sanders,FAVOR,1236350139087929344,2411418651
1170,Bernie Sanders,AGAINST,1190031026992668672,1183849411262242819
1171,Bernie Sanders,FAVOR,1104567122548715520,885473066
1172,Bernie Sanders,AGAINST,1159931838514647040,1020580332016361472
1173,Bernie Sanders,FAVOR,1240787129816559616,775383530452971521
1174,Bernie Sanders,FAVOR,1232791642651971584,24190956
1175,Bernie Sanders,AGAINST,1156406938495832064,45260380
1176,Bernie Sanders,FAVOR,1189302287707115520,27213810
1177,Bernie Sanders,NONE,1098032360061231104,8771162
1178,Bernie Sanders,FAVOR,1235397740785364992,828105443541151744
1179,Bernie Sanders,AGAINST,1123328157707382784,67298572
1180,Bernie Sanders,FAVOR,1101016656422322176,57000248
1181,Bernie Sanders,FAVOR,990311625822425088,24132496
1182,Bernie Sanders,FAVOR,1231282741204934656,396611677
1183,Bernie Sanders,NONE,1236801952379555840,2955569454
1184,Bernie Sanders,AGAINST,1234252153289494528,25026538
1185,Bernie Sanders,AGAINST,1232354754908450816,101805404
1186,Bernie Sanders,FAVOR,1273254082501922816,3832874775
1187,Bernie Sanders,NONE,1099138109034430464,39614698
1188,Bernie Sanders,FAVOR,1207162656144142336,1170809031117758464
1189,Bernie Sanders,AGAINST,1123349280205492224,758111932423479297
1190,Bernie Sanders,FAVOR,1236291799158841344,377130418
1191,Bernie Sanders,AGAINST,1233384804009144320,35728669
1192,Bernie Sanders,NONE,1170878608950333440,2627893322
1193,Bernie Sanders,AGAINST,1235074135341981696,406128156
1194,Bernie Sanders,FAVOR,1000556788914143232,2936641297
1195,Bernie Sanders,AGAINST,1205709285243674624,2335616517
1196,Bernie Sanders,AGAINST,1181675462931562496,18586848
1197,Bernie Sanders,AGAINST,1232276293561016320,16725276
1198,Bernie Sanders,AGAINST,958528532589801472,55566207
1199,Bernie Sanders,FAVOR,1098029672359755776,52544617
1200,Bernie Sanders,NONE,1241238485857640448,1156005378322251776
1201,Bernie Sanders,NONE,1221596054874992640,2647083445
1202,Bernie Sanders,AGAINST,1230257616107995136,2982197207
1203,Bernie Sanders,NONE,1199344990918328320,177696530
1204,Bernie Sanders,FAVOR,1109474988594249728,191016578
1205,Bernie Sanders,NONE,1237771878065995776,2206472570
1206,Bernie Sanders,AGAINST,1230898600286121984,3174399169
1207,Bernie Sanders,FAVOR,1218912713394597888,20480549
1208,Bernie Sanders,AGAINST,1079384527062085632,220985647
1209,Bernie Sanders,AGAINST,1172303189426593792,252804040
1210,Bernie Sanders,FAVOR,1226665003354214400,274444021
1211,Bernie Sanders,FAVOR,1210442316793761792,2627893322
1212,Bernie Sanders,AGAINST,1101130738609598464,1053832216780910593
1213,Bernie Sanders,AGAINST,967832607881867264,2903081835
1214,Bernie Sanders,FAVOR,958537882351951872,1395965036
1215,Bernie Sanders,NONE,1097876354291253248,1093442032645763073
1216,Bernie Sanders,NONE,1237645559403601920,811140358746898432
1217,Bernie Sanders,FAVOR,1230536360920043520,1060614487374548992
1218,Bernie Sanders,AGAINST,1122621673709166592,1082330471269318656
1219,Bernie Sanders,NONE,1230293105460555776,4073155150
1220,Bernie Sanders,NONE,1235018239626731520,106800773
1221,Bernie Sanders,AGAINST,1180934451259301888,108798121
1222,Bernie Sanders,AGAINST,1270627431418720256,868211735974432769
1223,Bernie Sanders,FAVOR,967601360794537984,786037241747427328
1224,Bernie Sanders,AGAINST,1135434945508175872,18586848
1225,Bernie Sanders,FAVOR,951347570185355264,268923451
1226,Bernie Sanders,FAVOR,1220471963841376256,1207712207301173249
1227,Bernie Sanders,AGAINST,1167061259432235008,15040988
1228,Bernie Sanders,AGAINST,1066844744293085184,49379886
1229,Bernie Sanders,AGAINST,1230381166290554880,16089852
1230,Bernie Sanders,AGAINST,1011667257502531584,34171545
